{
   "gruautoencoder": [
    0.0006552358559417426,
    0.0013678527476287449,
    0.0027771796960423564,
    0.007222632099734746,
    0.004241374560495118,
    0.011000613588636866,
    0.00929284899760663,
    0.007936456603475948,
    0.013258780009398794,
    0.009099804761369465,
    0.011852138325665815,
    0.014099121227531144,
    0.01588289217434672,
    0.02124797634832753,
    0.011641903500533615,
    0.01229175830221906,
    0.01367529796185029,
    0.019148657740809934,
    0.024319423869626173,
    0.028969211199479858,
    0.02432404777158033,
    0.02413159005672616,
    0.0318390443699052,
    0.028069397579904988,
    0.03048219876708808,
    0.023396430813052035,
    0.030438517714324206,
    0.04236013775593356,
    0.049504146016049154,
    0.047133566157773456,
    0.08010335873674464,
    0.04471440556683118,
    0.06297610410665339,
    0.07503730653409373,
    0.10240999643098224,
    0.07666628834876148,
    0.06599763548880253,
    0.1649716254323721,
    0.07825139010461366,
    0.12131020320313317,
    0.13628285807190518,
    0.12388445530086756,
    0.13950012167615275,
    0.15754367449674114,
    0.16510793420353106,
    0.0756241412460804,
    0.3065243676925699,
    0.2289340350438248,
    0.19886128568933123,
    0.11638699383253143,
    0.4420928776264191,
    0.24131662920117378,
    0.21364291086792947,
    0.11954810433089733,
    0.6622023795332227,
    0.7956783427641942,
    0.4824755604450519,
    0.10750382393598557,
    0.5000596448779107,
    0.4623908266425133,
    0.6251945594946543,
    0.5527743200461069,
    0.7170765474438667,
    0.36877728067338467,
    0.3098566122353077,
    0.23466972820460796,
    1.4888887916292464,
    1.4869720339775085,
    1.2169928848743439,
    1.1734191179275513,
    0.9859174887339274,
    1.5744830965995789,
    0.48131175339221954,
    0.4210946187376976,
    2.1975297133127847,
    1.2524338960647583,
    4.622892379760742,
    2.5248658657073975,
    2.378160834312439,
    1.3261817693710327,
    4.061379909515381,
    3.994340658187866,
    3.888850212097168,
    2.714169979095459
  ],
    "autoencoder": [
    4.410734163684538e-06,
    9.583967766957358e-05,
    1.1920928244535389e-07,
    0.0002671123365871608,
    0.000568228424526751,
    0.00032085992279462516,
    0.00037543877260759473,
    0.0005346299149096012,
    0.003693070961162448,
    0.0013052048161625862,
    0.0022500455379486084,
    0.005758245009928942,
    0.0004161922261118889,
    0.002718089148402214,
    0.005439362488687038,
    0.00812404416501522,
    0.008185293525457382,
    0.007606353145092726,
    0.005312610883265734,
    0.011611615307629108,
    0.007661127485334873,
    0.01697123982012272,
    0.01971869170665741,
    0.015750644728541374,
    0.041774336248636246,
    0.017214640974998474,
    0.024984929710626602,
    0.027926011011004448,
    0.032208073884248734,
    0.01866140589118004,
    0.01628841459751129,
    0.044184066355228424,
    0.03256953880190849,
    0.040311992168426514,
    0.09737980365753174,
    0.03077894076704979,
    0.023449715226888657,
    0.10599840432405472,
    0.1398642361164093,
    0.35794955492019653,
    0.1295442432165146,
    0.17699886858463287,
    0.0558052733540535,
    0.28572890162467957,
    0.3645901679992676,
    0.10211831331253052,
    0.5172202587127686,
    0.22070489823818207,
    0.6991572380065918,
    0.37770983576774597,
    0.11564420163631439,
    0.10929672420024872,
    0.0921749621629715,
    0.04522155970335007,
    0.22274436056613922,
    0.21871750056743622,
    0.18298964202404022,
    0.1830279678106308,
    1.6892013549804688,
    0.7200231552124023,
    2.019641876220703,
    1.1767815351486206,
    3.0897655487060547,
    1.7377336025238037,
    1.1265883445739746,
    1.0668301582336426,
    2.4805288314819336,
    3.1541426181793213,
    1.9069771766662598,
    1.7369142770767212,
    0.5340197086334229,
    2.482877731323242,
    3.3701324462890625,
    1.9415253400802612,
    5.99761962890625,
    2.8398256301879883,
    4.7305145263671875,
    4.719736099243164,
    4.673891544342041,
    4.623288631439209,
    6.540804862976074,
    6.200583457946777,
    6.069404125213623,
    5.054145812988281
  ],
  "no_mask": [
    5.4853302609350885e-05,
    9.534884278680148e-05,
    0.0001086407767893646,
    9.30798399330277e-05,
    0.00018595981392006164,
    0.00013266692117632509,
    0.00045905934846044404,
    0.00065918535693889,
    0.0006354083465713651,
    0.00014338172856916847,
    0.0011855524593321213,
    0.0018173491492805617,
    0.0007788677851542746,
    0.00014390029258426525,
    0.00014807478977801487,
    0.0006948647458467235,
    0.00013409943887292538,
    0.0003326806074597914,
    0.0010460227068053364,
    0.0005476544354057363,
    0.0060913240190460655,
    0.0003378343889113132,
    0.0013954945668065073,
    0.00043033634125443294,
    0.0007200042213770319,
    0.0004354242891875199,
    0.0057619923711805,
    0.0033271694242661427,
    0.00014820861433337677,
    0.000351524660335928,
    0.0005316377491347081,
    0.006777840196206588,
    0.0005247699465709613,
    0.015232667430067076,
    0.009203521927636096,
    0.005980026521733221,
    0.058514020415182215,
    0.0011236064967179542,
    0.0009325560968136415,
    0.009194500501533705,
    0.09104872746816413,
    0.0015351752281276276,
    0.004780824916979914,
    0.000676379932476015,
    0.0050486798869055095,
    0.028656129986047746,
    0.001086885692833069,
    0.00317676591062495,
    0.007814737793523818,
    0.0027221085107330943,
    0.2673459817655385,
    0.03223931431421079,
    0.009528127638623119,
    0.0028852514369646087,
    0.0014662454029478664,
    0.22207410872663155,
    0.05028591685158272,
    0.0017562737392092292,
    0.03339500281726941,
    0.013335705449571833,
    0.007070944178849459,
    0.005359203464144634,
    0.05312149948440492,
    0.002825992603902705,
    0.0025609232689021155,
    0.0020088339952053502,
    0.3025251400124814,
    0.3024490758155783,
    0.13257547460185984,
    0.03144514397718012,
    0.0020077976514585316,
    0.06694965062197297,
    0.017525478382594883,
    0.009061565273441374,
    0.17805845787127814,
    0.017985677424197394,
    0.5229419767856598,
    0.4262639135122299,
    0.08747244998812675,
    0.01581693533807993,
    1.261268973350525,
    0.5596709251403809,
    0.3891879618167877,
    0.11602407693862915
  ],