{
  "no_mask": [
    0.0014037995121907443,
    0.0004119012855433079,
    0.000706791032055139,
    0.0003196509237813022,
    0.0006493735754702357,
    0.0004965950273279006,
    0.00039019830235168456,
    0.0003643041423186476,
    0.0003371291455627139,
    0.00044384029073019825,
    0.0005478310705710216,
    0.0001763930234484005,
    0.0003973217655898842,
    0.0005827949299071779,
    0.0005093961266907433,
    0.00023088714151526802,
    0.0005251302962823532,
    0.00047997770681312043,
    0.0003081878912999822,
    0.000529821353973078,
    0.00046071940187507576,
    0.0003301502318688228,
    0.0003533746806443533,
    0.00023107077926397322,
    0.000369182550301305,
    0.0004420711797697899,
    0.0003771102191273903,
    0.0006216735973903708,
    0.0004676793465336373,
    0.0008402812051993441,
    0.000493745764002337,
    0.000547232579693253,
    0.0006955132141643972,
    0.0004735217248947409,
    0.00033139668940158006,
    0.0006394278876811128,
    0.0008039246847834058,
    0.0004531119079531535,
    0.0007369038441942798,
    0.0009580434592397407,
    0.0006435432966776885,
    0.0006502649699714745,
    0.0007315177510197206,
    0.0009150388558689309,
    0.0008778540635064832,
    0.0010857036481988994,
    0.0009467213630809315,
    0.0005638223257847131,
    0.0007127563294488937,
    0.0009158587672573049,
    0.0007974849886522861,
    0.0012151608619117929,
    0.001382862931738297,
    0.0009689210040960461,
    0.0006814209666724006,
    0.0013986576653631597,
    0.0012472129651698574,
    0.0009526571937322874,
    0.0012503860366100876,
    0.0006651752874649202,
    0.0016905908754173045,
    0.0010356492736415628,
    0.0008490639229421504,
    0.0016824527992866933,
    0.0024993028062836905,
    0.0010930471195790329,
    0.003872514021797822,
    0.0030493203443116867,
    0.0025938626002663602,
    0.00606213901968052,
    0.008456304754045877,
    0.00577859184704721,
    0.008806199714955356,
    0.017488461337052286,
    0.012651251256465912,
    0.010292204283177852,
    0.05215114261955023,
    0.21331246693929037,
    0.12355615695317586
  ],
  "random": [
    0.0012335048239522923,
    0.0008783848948499519,
    0.0004532005867488493,
    0.0006886686613690609,
    0.0004948576936840254,
    0.0002684922622181417,
    0.00048770534138309796,
    0.0002489784622555721,
    0.0005679329270269018,
    0.0003204445889231896,
    0.0005393414489998158,
    0.0002006540446813682,
    0.0005091745885464635,
    0.00037692476097576195,
    0.0003005709951191665,
    0.00022876322089525108,
    0.0002907130225833757,
    0.0002185576903343043,
    0.0002158343429391059,
    0.000292461797287202,
    0.00044590176123935374,
    0.0002554637247285004,
    0.00040694458994480954,
    0.000406952208140865,
    0.000350245519487112,
    0.0004309242099375147,
    0.00029419680419757007,
    0.0004423010038178279,
    0.0003273610808801922,
    0.0003646443492214812,
    0.00039016555840914536,
    0.0005415896551258972,
    0.0005716507699904277,
    0.00046735104140743875,
    0.00039186582363439363,
    0.000275597520360154,
    0.0005947958157701912,
    0.00048662818912619156,
    0.000545559253077954,
    0.0005328535226845118,
    0.0005153800295882447,
    0.0008433993013265232,
    0.0005270811734811925,
    0.0007665106815310489,
    0.0004738020085680642,
    0.000755628413596266,
    0.0005614774875409369,
    0.00032949070279885616,
    0.0007122031734872828,
    0.0007446237377735088,
    0.0006344659541355213,
    0.0009475160284989303,
    0.0009469573968090117,
    0.0006843748735263944,
    0.0005956334168634688,
    0.0010778845894021977,
    0.0009240503141913435,
    0.0009060784580250239,
    0.0014196858392097056,
    0.0012653992788937802,
    0.0017282081632098805,
    0.001201597095738786,
    0.0008796063678649565,
    0.0008508884030478922,
    0.0026505148332369955,
    0.0016672345993452165,
    0.003748350472261126,
    0.003560722339898348,
    0.0018155945984360117,
    0.0033468364466292164,
    0.004083297511732037,
    0.004002320370636881,
    0.004592393731905354,
    0.00421400525374338,
    0.009370943717658519,
    0.007824048213660718,
    0.04094299580901861,
    0.23280330499013266,
    0.057362874348958336
  ],
  "top_k_loss": [
    0.001049853180302307,
    0.001270729663275278,
    0.0004318268227877039,
    0.0004098208494245335,
    0.0004661030534407473,
    0.0005473439885909616,
    0.00041851192800554355,
    0.0003482942231226173,
    0.0005416488209804455,
    0.0004637766546741324,
    0.00019161689955451655,
    0.00020726521148088084,
    0.0005154534022193479,
    0.00032151168627298155,
    0.0003316618291489854,
    0.00029810913679697974,
    0.0006035099556536868,
    0.0005184197154699297,
    0.00034675653532977745,
    0.000315057033418672,
    0.00036881853151644997,
    0.00027433471957694506,
    0.00043817084860192266,
    0.00033728125446941704,
    0.00032191262451103993,
    0.0005136593264159184,
    0.0005238640147835276,
    0.0006353859228631818,
    0.00046282731126631043,
    0.0003019979969240909,
    0.0004962965837746326,
    0.0003124959869584178,
    0.0005971062964179733,
    0.0003675962767661794,
    0.0002885784327334381,
    0.0006668817637815933,
    0.0003283721286736961,
    0.0004548767098205407,
    0.000547295425268304,
    0.0005658554376189619,
    0.00043205370067965325,
    0.0005261913230199189,
    0.0005773082659466238,
    0.0007277313247629392,
    0.0005059356856355933,
    0.0006702108799505073,
    0.000977420707100204,
    0.00076552412772019,
    0.0009066323879832292,
    0.0007193603905761847,
    0.0007108665613486664,
    0.0007196066510533133,
    0.0009968866244889796,
    0.0009285032710370918,
    0.0007949477469082922,
    0.0012070626574407879,
    0.0011162221259116355,
    0.0004959439493490961,
    0.0014030584402812214,
    0.0006099946420783034,
    0.0014319478505058214,
    0.0013350271571349974,
    0.001091884812922217,
    0.002404096906750717,
    0.0023745876602142267,
    0.001087460979378145,
    0.0032445457405768908,
    0.0025940844789147377,
    0.0016564152364690716,
    0.00550227880012244,
    0.0051163611510260535,
    0.006827433127909899,
    0.005456903638939063,
    0.005738211038988084,
    0.017414090782403947,
    0.011911580525338649,
    0.03253671247512102,
    0.11869186908006668,
    0.09127164135376613
  ],